Date,Open,High,Low,Close,Adj Close,Volume
2020-01-02,31.5,32.0,31.5,31.75,14.246060371398926,5983333
2020-01-03,32.0,32.625,31.875,32.5,14.58258056640625,13275073
2020-01-06,32.5,33.0,32.25,32.5,14.58258056640625,10429668
2020-01-07,32.5,32.625,32.125,32.25,14.470406532287598,5552326
2020-01-08,31.875,31.875,31.5,31.5,14.133885383605957,5703694
2020-01-09,31.875,32.375,31.75,32.125,14.414320945739746,5810333
2020-01-10,32.25,33.0,32.25,32.875,14.75084114074707,12919549
2020-01-13,32.875,33.0,32.625,32.875,14.75084114074707,3638792
2020-01-14,32.875,33.375,32.875,33.0,14.806927680969238,6208732
2020-01-15,33.0,33.25,32.5,32.875,14.75084114074707,5320889
2020-01-16,32.875,32.875,32.5,32.5,14.58258056640625,3698913
2020-01-17,32.75,32.75,32.25,32.5,14.58258056640625,2956929
2020-01-20,32.5,32.875,32.25,32.375,14.526494026184082,5235482
2020-01-30,31.0,31.0,29.25,29.5,13.236496925354004,15375236
2020-01-31,29.5,29.875,29.0,29.375,13.18040943145752,8451064
2020-02-03,28.25,28.875,27.75,28.625,12.843888282775879,6527485
2020-02-04,31.0,31.0,29.0,29.0,13.0121488571167,5861996
2020-02-05,29.125,29.625,29.0,29.25,13.124321937561035,5535194
2020-02-06,29.375,29.875,29.375,29.875,13.404756546020508,3763199
2020-02-07,29.5,29.625,29.125,29.125,13.068236351013184,4329979
2020-02-10,28.75,29.0,28.375,28.75,12.899975776672363,3871674
2020-02-11,29.0,29.25,29.0,29.125,13.068236351013184,2026148
2020-02-12,29.375,29.75,29.25,29.5,13.236496925354004,4123714
2020-02-13,29.75,29.875,29.5,29.75,13.34867000579834,4295265
2020-02-14,29.625,29.625,29.125,29.375,13.18040943145752,2389720
2020-02-17,29.0,29.125,28.75,28.875,12.956061363220215,5843498
2020-02-18,28.75,29.625,28.75,29.5,13.236496925354004,4595376
2020-02-19,29.625,30.125,29.5,29.875,13.404756546020508,7008796
2020-02-20,30.125,30.25,29.375,29.625,13.292583465576172,3956686
2020-02-21,29.5,29.75,29.25,29.375,13.18040943145752,2543486
2020-02-24,29.25,29.375,28.875,28.875,12.956061363220215,4091161
2020-02-25,28.75,29.5,28.625,29.25,13.124321937561035,3187970
2020-02-26,28.875,29.25,28.875,29.0,13.0121488571167,2672080
2020-02-27,29.0,29.25,28.75,28.875,12.956061363220215,5922738
2020-03-02,28.5,28.875,28.375,28.5,12.787801742553711,4548406
2020-03-03,28.875,29.125,28.5,28.5,12.787801742553711,4230046
2020-03-04,28.625,29.0,28.5,28.875,12.956061363220215,6986023
2020-03-05,29.0,29.875,28.875,29.625,13.292583465576172,10450761
2020-03-06,29.25,29.625,29.0,29.25,13.124321937561035,4395782
2020-03-09,29.0,29.0,28.25,28.5,12.787801742553711,9981983
2020-03-10,28.375,29.625,28.25,29.25,13.124321937561035,12006893
2020-03-11,29.25,29.5,28.75,28.875,12.956061363220215,5341540
2020-03-12,28.75,28.875,27.75,27.75,12.451279640197754,11486325
2020-03-13,25.375,26.5,25.25,26.125,11.722150802612305,12534098
2020-03-16,26.25,26.25,24.649999618530273,24.649999618530273,11.06032657623291,11652579
2020-03-17,23.524999618530273,24.25,23.299999237060547,23.549999237060547,10.56676197052002,11669825
2020-03-18,23.649999618530273,24.950000762939453,23.450000762939453,23.75,10.656501770019531,9004023
2020-03-19,23.625,23.625,22.25,23.0,10.31998062133789,11171203
2020-03-20,23.5,24.299999237060547,23.5,24.0,10.768674850463867,7303002
2020-03-23,23.0,23.375,22.424999237060547,23.100000381469727,10.364850044250488,5572034
2020-03-24,23.774999618530273,24.299999237060547,23.25,23.600000381469727,10.589197158813477,6091361
2020-03-25,23.950000762939453,24.774999618530273,23.950000762939453,24.200000762939453,10.858413696289062,7366432
2020-03-26,24.549999237060547,24.625,23.875,24.174999237060547,10.847196578979492,4133048
2020-03-27,24.424999237060547,24.475000381469727,23.5,23.5,10.544326782226562,8050948
2020-03-30,23.0,23.100000381469727,22.524999618530273,23.075000762939453,10.353632926940918,5466567
2020-03-31,23.350000381469727,23.600000381469727,22.799999237060547,23.125,10.376067161560059,5439068
2020-04-01,22.975000381469727,22.975000381469727,22.75,22.75,10.207806587219238,4206610
2020-04-06,22.875,22.899999618530273,22.424999237060547,22.774999618530273,10.219023704528809,5150101
2020-04-07,23.100000381469727,23.375,22.924999237060547,23.149999618530273,10.387284278869629,5781772
2020-04-08,23.149999618530273,24.225000381469727,23.075000762939453,24.149999618530273,10.835978507995605,6769866
2020-04-09,24.299999237060547,25.75,24.299999237060547,25.625,11.497803688049316,13569754
2020-04-10,25.875,25.875,25.125,25.5,11.441717147827148,5660360
2020-04-13,25.625,25.625,25.0,25.125,11.273456573486328,4667067
2020-04-14,25.375,25.75,25.25,25.375,11.385629653930664,5602558
2020-04-15,25.875,27.0,25.75,25.875,11.609977722167969,13026007
2020-04-16,25.75,25.875,25.375,25.75,11.5538911819458,6482986
2020-04-17,26.25,26.5,25.5,25.625,11.497803688049316,7126677
2020-04-20,25.625,25.625,25.125,25.25,11.329544067382812,6294172
2020-04-21,25.25,25.625,24.575000762939453,24.700000762939453,11.082761764526367,10277463
2020-04-22,24.5,24.799999237060547,24.024999618530273,24.700000762939453,11.082761764526367,3476841
2020-04-23,24.825000762939453,25.375,24.825000762939453,25.125,11.273456573486328,3744392
2020-04-24,25.125,25.25,24.774999618530273,24.850000381469727,11.150065422058105,2894294
2020-04-27,25.25,25.625,25.125,25.5,11.441717147827148,4288279
2020-04-28,25.875,26.5,25.625,26.375,11.834325790405273,8499456
2020-04-29,26.625,27.125,26.5,26.75,12.002585411071777,13373801
2020-04-30,27.5,27.875,26.875,27.75,12.451279640197754,17230202
2020-05-04,26.875,27.125,26.5,26.875,12.058671951293945,6395466
2020-05-05,26.875,27.0,26.25,26.625,11.94649887084961,5516855
2020-05-06,26.625,26.625,26.125,26.375,11.834325790405273,3728728
2020-05-07,26.5,26.75,26.375,26.5,11.890411376953125,2351768
2020-05-08,26.75,26.875,26.25,26.375,11.834325790405273,3639283
2020-05-11,26.75,27.25,26.625,26.875,12.058671951293945,4378602
2020-05-12,26.625,26.75,26.25,26.25,11.778237342834473,4442970
2020-05-13,26.25,26.5,26.125,26.5,11.890411376953125,2809198
2020-05-14,26.375,26.375,25.875,25.875,11.609977722167969,4871221
2020-05-15,26.125,26.25,25.875,26.125,11.722150802612305,3088876
2020-05-18,26.125,26.75,26.125,26.75,12.002585411071777,5175316
2020-05-19,27.375,27.5,26.75,26.75,12.002585411071777,6688672
2020-05-20,27.0,27.125,26.75,26.875,12.058671951293945,6732377
2020-05-21,27.5,27.875,27.25,27.5,12.339106559753418,20216288
2020-05-22,27.375,27.625,26.875,26.875,12.058671951293945,5445360
2020-05-25,27.0,27.125,26.625,26.875,12.058671951293945,2707216
2020-05-26,27.25,27.375,27.125,27.375,12.28302001953125,3451444
2020-05-27,27.5,27.625,27.0,27.125,12.170845985412598,4829028
2020-05-28,27.25,28.0,27.125,27.25,12.226932525634766,11332293
2020-05-29,27.25,27.625,26.875,27.25,12.226932525634766,9178862
2020-06-01,27.625,28.375,27.5,28.0,12.563453674316406,9682919
2020-06-02,28.125,28.375,27.75,28.125,12.61954116821289,5339114
2020-06-03,28.25,28.375,28.0,28.25,12.675627708435059,5501810
2020-06-04,28.375,28.5,28.0,28.125,12.61954116821289,6368736
2020-06-05,28.125,29.125,28.0,28.5,12.787801742553711,12224386
2020-06-08,28.875,29.0,28.375,28.375,12.731715202331543,8075954
2020-06-09,28.5,28.625,28.125,28.25,12.675627708435059,6584541
2020-06-10,28.25,28.375,28.125,28.125,12.61954116821289,6532914
2020-06-11,28.125,28.25,27.25,27.375,12.28302001953125,8995543
2020-06-12,26.5,27.25,26.25,27.125,12.170845985412598,6345961
2020-06-15,27.125,27.25,26.875,26.875,12.058671951293945,5047765
2020-06-16,27.375,28.125,27.125,28.125,12.61954116821289,6433555
2020-06-17,28.375,28.375,27.75,28.125,12.61954116821289,4671798
2020-06-18,28.125,28.125,27.25,27.5,12.339106559753418,6621633
2020-06-19,27.5,27.625,26.875,27.0,12.11475944519043,10440178
2020-06-22,27.0,27.375,26.75,26.875,12.058671951293945,5521058
2020-06-23,27.125,27.25,26.625,26.875,12.058671951293945,6075761
2020-06-24,27.125,27.25,26.75,26.875,12.058671951293945,4329432
2020-06-29,26.75,27.25,26.75,26.875,12.058671951293945,3598670
2020-06-30,27.25,27.25,26.875,26.875,12.058671951293945,3416946
2020-07-01,26.875,27.25,26.875,27.125,12.170845985412598,1708568
2020-07-02,27.125,27.5,27.0,27.0,12.11475944519043,3523821
2020-07-03,27.5,28.0,27.375,27.875,12.507368087768555,12094872
2020-07-06,28.0,28.125,27.5,27.875,12.507368087768555,11129184
2020-07-07,28.0,28.125,27.5,28.125,12.61954116821289,10157099
2020-07-08,28.125,28.375,27.625,27.875,12.507368087768555,8220340
2020-07-09,27.875,28.0,27.5,27.625,12.395193099975586,4922892
2020-07-10,27.625,27.625,26.875,26.875,12.058671951293945,7064978
2020-07-13,27.125,27.25,26.875,27.0,12.11475944519043,5460293
2020-07-14,27.125,27.125,26.625,26.75,12.002585411071777,4636209
2020-07-15,27.125,27.25,26.875,27.125,12.170845985412598,6062770
2020-07-16,27.375,27.75,27.125,27.625,12.395193099975586,5966366
2020-07-17,27.75,27.875,27.125,27.125,12.170845985412598,3570249
2020-07-20,27.25,27.375,27.0,27.0,12.11475944519043,3243601
2020-07-21,27.0,27.5,27.0,27.375,12.28302001953125,3421343
2020-07-22,27.375,27.625,27.125,27.375,12.28302001953125,4150202
2020-07-23,27.375,27.5,27.0,27.125,12.170845985412598,3565712
2020-07-24,27.125,27.25,26.625,26.75,12.002585411071777,5445876
2020-07-27,27.5,27.5,27.0,27.0,12.11475944519043,5472656
2020-07-28,27.125,27.25,26.75,26.75,12.002585411071777,4292718
2020-07-29,26.75,27.5,26.75,27.375,12.28302001953125,5655158
2020-07-30,27.5,27.75,27.375,27.625,12.395193099975586,5000908
2020-07-31,27.75,28.125,27.5,27.5,12.339106559753418,7791904
2020-08-03,27.75,28.0,27.375,27.625,12.395193099975586,4676337
2020-08-04,27.75,27.875,27.625,27.75,12.451279640197754,3521974
2020-08-05,27.875,27.875,27.625,27.625,12.395193099975586,2091727
2020-08-06,27.875,28.25,27.625,27.875,12.507368087768555,6411852
2020-08-07,28.0,28.75,28.0,28.5,12.787801742553711,13676775
2020-08-10,28.75,31.25,28.75,31.25,14.021712303161621,31357511
2020-08-11,31.25,32.125,30.875,31.125,13.965625762939453,38349623
2020-08-12,31.25,31.25,29.625,30.5,13.685190200805664,16412731
2020-08-13,31.0,31.75,30.5,30.875,13.8534517288208,15238378
2020-08-14,33.0,33.875,32.125,33.875,15.199536323547363,68506375
2020-08-17,35.0,37.25,34.625,37.25,16.71388053894043,71942106
2020-08-18,38.125,38.5,36.625,38.0,17.05040168762207,73504854
2020-08-19,38.75,39.625,37.875,38.5,17.274747848510742,59544499
2020-08-20,38.875,39.75,36.0,37.5,16.8260555267334,85380498
2020-08-21,38.5,39.0,37.625,38.0,17.05040168762207,45516874
2020-08-24,38.375,38.5,37.375,38.0,17.05040168762207,29581664
2020-08-25,38.875,41.25,38.75,40.75,18.284313201904297,107729748
2020-08-26,41.125,41.875,40.125,41.125,18.452571868896484,61971476
2020-08-27,41.5,41.625,40.375,40.625,18.228227615356445,33829946
2020-08-28,40.625,41.75,40.375,40.875,18.34039878845215,33529532
2020-08-31,42.375,44.25,42.25,43.5,19.51822280883789,84719690
2020-09-01,43.375,43.875,42.0,43.0,19.29387855529785,49487618
2020-09-02,43.25,44.0,42.75,44.0,19.742568969726562,33555829
2020-09-03,44.125,45.5,43.625,45.5,20.415613174438477,51561234
2020-09-04,44.25,47.125,44.25,47.0,21.088653564453125,43726950
2020-09-07,48.0,49.75,46.875,47.0,21.088653564453125,83848862
2020-09-08,46.875,47.625,45.625,46.75,20.976482391357422,51022661
2020-09-09,46.375,47.875,46.25,47.5,21.313003540039062,38376803
2020-09-10,47.5,48.5,47.25,47.625,21.36908721923828,33909615
2020-09-11,49.125,49.375,44.25,44.25,19.854745864868164,96387373
2020-09-14,45.0,45.625,40.875,41.25,18.5086612701416,129491812
2020-09-15,41.5,42.5,41.0,42.25,18.957355499267578,53416513
2020-09-16,41.625,41.625,39.0,40.25,18.059965133666992,89051373
2020-09-17,40.875,41.625,39.875,40.25,18.059965133666992,46064662
2020-09-18,40.625,40.75,39.625,40.125,18.003877639770508,30285695
2020-09-21,40.25,40.375,39.0,39.5,17.72344398498535,33889942
2020-09-22,39.5,40.125,39.125,39.5,17.72344398498535,28790760
2020-09-23,38.75,38.875,37.5,38.0,17.05040168762207,95909836
2020-09-24,37.125,38.25,37.0,37.0,16.601707458496094,56666721
2020-09-25,37.875,39.125,37.375,38.5,17.274747848510742,65992075
2020-09-28,38.25,39.0,37.875,38.875,17.443010330200195,27549472
2020-09-29,39.5,40.0,38.0,38.625,17.330835342407227,35585672
2020-09-30,38.375,40.0,38.25,39.625,17.779531478881836,32029841
2020-10-05,40.0,41.25,40.0,41.125,18.452571868896484,47627585
2020-10-06,40.75,41.125,40.375,41.125,18.452571868896484,30652971
2020-10-07,41.0,42.0,40.875,41.625,18.67691993713379,24766662
2020-10-08,41.875,42.0,41.0,41.625,18.67691993713379,22886025
2020-10-12,41.875,42.0,40.125,40.75,18.284313201904297,32454945
2020-10-13,41.25,42.875,41.25,42.5,19.069528579711914,67900745
2020-10-14,42.125,42.875,41.75,42.875,19.237789154052734,30551386
2020-10-15,42.875,43.75,42.75,43.75,19.63039779663086,33527716
2020-10-16,44.75,45.25,43.625,44.125,19.798656463623047,55022737
2020-10-19,45.0,45.25,44.25,44.625,20.02300453186035,36016693
2020-10-20,44.75,45.125,43.75,44.875,20.13517951965332,29704164
2020-10-21,45.125,45.25,44.5,44.625,20.02300453186035,19930707
2020-10-22,44.375,44.875,44.125,44.75,20.079090118408203,20220258
2020-10-23,45.0,47.25,44.75,46.5,20.864307403564453,63476314
2020-10-26,46.75,50.375,46.75,49.5,22.210391998291016,114134015
2020-10-27,49.0,50.0,48.25,49.125,22.042133331298828,40263182
2020-10-28,49.25,50.0,46.625,47.0,21.088653564453125,67952808
2020-10-29,46.125,47.5,45.375,47.375,21.256916046142578,52104374
2020-10-30,47.625,48.5,46.25,47.25,21.200830459594727,47899448
2020-11-02,47.625,49.25,47.25,48.0,21.537349700927734,61021683
2020-11-03,48.625,48.875,47.25,48.125,21.59343719482422,38653332
2020-11-04,48.25,49.875,47.875,49.5,22.210391998291016,43193577
2020-11-05,49.625,50.75,48.875,49.5,22.210391998291016,57051259
2020-11-06,49.75,51.0,49.5,50.875,22.827346801757812,51103471
2020-11-09,51.75,55.125,51.625,54.25,24.341691970825195,100130717
2020-11-10,54.75,55.5,48.875,49.875,22.37865447998047,141230801
2020-11-11,50.125,51.125,47.625,50.5,22.659088134765625,108738399
2020-11-12,50.75,50.75,48.0,48.75,21.873870849609375,62149601
2020-11-13,50.625,52.25,49.5,50.25,22.546913146972656,99011738
2020-11-16,51.0,51.625,50.25,51.25,22.995607376098633,39887276
2020-11-17,51.5,53.25,51.0,52.75,23.668651580810547,66156936
2020-11-18,53.625,56.25,53.375,56.25,25.23908233642578,113603494
2020-11-19,55.875,56.375,54.25,54.875,24.62212562561035,79883250
2020-11-20,54.5,56.75,54.25,56.375,25.295169830322266,66251007
2020-11-23,57.5,58.625,57.125,58.625,26.304733276367188,70629564
2020-11-24,59.625,60.375,57.75,57.875,25.968210220336914,63654852
2020-11-25,59.375,61.0,58.625,59.625,26.753427505493164,99183552
2020-11-26,60.75,62.25,60.0,61.625,27.65081787109375,109739913
2020-11-27,61.375,62.875,60.5,62.75,28.155597686767578,72794688
2020-11-30,63.25,63.625,61.75,61.75,27.7069034576416,71224811
2020-12-01,62.0,62.25,59.0,60.75,27.258207321166992,73961906
2020-12-02,61.625,62.875,60.5,61.625,27.65081787109375,55168062
2020-12-03,62.25,62.875,61.25,61.875,27.762990951538086,44611902
2020-12-04,62.125,62.25,60.375,60.5,27.14603614807129,49806235
2020-12-07,60.75,62.375,59.25,60.625,27.20212173461914,60885108
2020-12-08,63.75,66.625,62.5,66.625,29.894290924072266,156398397
2020-12-09,68.75,72.25,67.75,71.25,31.96950340270996,154056889
2020-12-10,71.75,73.375,70.75,72.25,32.41819763183594,110995193
2020-12-11,70.625,71.125,67.375,67.875,30.45516014099121,134319059
2020-12-14,70.0,74.0,69.375,73.625,33.035152435302734,133604118
2020-12-15,74.25,76.25,71.5,71.625,32.13776397705078,146219193
2020-12-16,73.5,75.25,71.875,74.125,33.25950241088867,92196525
2020-12-17,74.5,74.875,73.0,73.75,33.09123992919922,54724346
2020-12-18,75.0,78.375,74.625,76.5,34.32515335083008,159527796
2020-12-21,77.75,83.75,77.125,81.375,36.51253890991211,178364989
2020-12-22,80.375,83.125,73.5,75.5,33.87645721435547,173302689
2020-12-23,76.75,77.5,73.0,76.75,34.43732833862305,106519766
2020-12-24,79.25,79.625,77.0,77.5,34.77384567260742,74072237
2020-12-25,82.5,85.0,81.125,83.625,37.52210235595703,153760510
2020-12-28,86.875,91.875,86.5,91.875,41.22383499145508,84189847
2020-12-29,97.5,101.0,90.375,95.875,43.018611907958984,352268706
2020-12-30,95.0,97.25,91.75,95.5,42.85034942626953,149558657
2020-12-31,96.75,101.75,95.25,101.75,45.654693603515625,178587509
2021-01-04,105.875,111.875,105.375,111.875,50.19773483276367,205450606
2021-01-05,112.5,113.75,107.875,113.75,51.039031982421875,213546933
2021-01-06,111.875,115.5,105.625,106.375,47.72990798950195,225659620
2021-01-07,108.25,109.5,95.75,96.125,43.13078689575195,310278912
2021-01-08,96.25,101.875,93.0,100.75,45.20600128173828,219431754
2021-01-11,103.75,107.0,101.5,106.625,47.84208297729492,163255217
2021-01-12,106.875,106.875,96.25,96.375,43.24296188354492,225105275
2021-01-13,94.75,97.875,92.75,93.625,42.00904846191406,189401133
2021-01-14,94.375,98.75,94.25,95.125,42.68209457397461,140034693
2021-01-15,95.0,95.0,85.625,85.625,38.41949462890625,228364756
2021-01-18,82.5,86.75,78.125,85.0,38.13905715942383,232386766
2021-01-19,89.875,90.75,79.5,80.0,35.89558792114258,195222837
2021-01-20,80.75,81.0,75.0,76.125,34.156890869140625,175077333
2021-01-21,78.875,83.5,77.875,80.25,36.007755279541016,172135019
2021-01-22,81.125,88.125,78.75,87.5,39.26079559326172,174527413
2021-01-25,89.5,92.0,87.75,88.375,39.65340042114258,160975372
2021-01-26,87.75,89.0,82.75,84.125,37.7464485168457,122423324
2021-01-27,84.75,85.375,80.125,81.125,36.400367736816406,97388844
2021-01-28,79.0,84.0,78.0,83.0,37.241668701171875,102001307
2021-01-29,83.625,83.875,77.125,78.0,34.99819564819336,107430668
2021-02-01,77.5,80.0,75.5,78.0,34.99819564819336,87835626
2021-02-02,79.0,85.75,78.5,85.25,38.2512321472168,143737878
2021-02-03,85.375,88.0,82.875,83.875,37.634273529052734,158696089
2021-02-04,83.875,85.625,83.125,84.875,38.082969665527344,75403943
2021-02-05,85.625,86.125,83.75,84.25,37.80253601074219,57394090
2021-02-17,87.75,92.25,85.5,91.75,41.167747497558594,124383181
2021-02-18,92.5,97.25,92.25,93.625,42.00904846191406,177374201
2021-02-19,94.375,95.125,90.625,92.125,41.33600997924805,87257705
2021-02-22,98.0,99.125,96.25,98.5,44.196434020996094,164523401
2021-02-23,98.5,100.25,95.875,95.875,43.018611907958984,120747496
2021-02-24,96.5,97.375,91.875,91.875,41.22383499145508,99226885
2021-02-25,94.5,95.25,92.75,94.125,42.2333984375,56493012
2021-02-26,92.5,95.875,90.875,94.875,42.569915771484375,83160223
2021-03-02,96.375,98.625,89.25,91.25,40.94340133666992,112136611
2021-03-03,93.25,95.25,90.75,95.125,42.68209457397461,62134988
2021-03-04,93.75,95.0,92.25,93.25,41.84079360961914,44813182
2021-03-05,92.25,94.875,91.75,93.25,41.84079360961914,46832688
2021-03-08,94.875,96.25,92.875,93.375,41.89687728881836,58899058
2021-03-09,93.75,96.0,91.875,96.0,43.07469940185547,59162929
2021-03-10,96.125,97.125,94.5,95.125,42.68209457397461,63502016
2021-03-11,98.625,98.75,95.375,95.375,42.79426574707031,89811370
2021-03-12,96.75,98.625,96.0,97.0,43.52339553833008,80569435
2021-03-15,98.375,100.0,97.625,100.0,44.869476318359375,98061782
2021-03-16,100.25,100.5,98.25,99.0,44.42078399658203,68986089
2021-03-17,99.625,101.25,99.0,100.25,44.981651306152344,62658800
2021-03-18,101.75,104.125,100.75,104.125,46.72034454345703,84984280
2021-03-19,102.875,106.875,102.75,104.25,46.77643585205078,110260236
2021-03-22,110.0,114.625,109.25,114.625,51.431640625,160281308
2021-03-23,117.25,119.0,105.5,106.875,47.954254150390625,235774704
2021-03-24,105.0,110.125,103.75,109.25,49.01990509033203,115462364
2021-03-25,108.375,108.5,104.0,104.25,46.77643585205078,117466153
2021-03-26,105.0,109.25,104.75,107.625,48.290775299072266,76395680
2021-03-29,107.5,112.125,106.5,109.5,49.132080078125,89084954
2021-03-30,111.25,112.375,108.125,109.5,49.132080078125,57801092
2021-03-31,110.5,117.0,110.0,113.75,51.039031982421875,135415811
2021-04-01,117.5,120.25,116.375,119.75,53.731201171875,135765797
2021-04-07,122.875,129.25,120.75,126.25,56.6477165222168,143089652
2021-04-08,126.75,131.75,125.25,130.75,58.66684341430664,110184521
2021-04-09,131.25,131.75,122.5,125.0,56.086849212646484,155124527
2021-04-12,132.25,137.5,130.25,137.5,61.695533752441406,139929720
2021-04-13,138.25,147.5,135.0,142.25,63.82683563232422,171111576
2021-04-14,146.5,151.0,135.5,149.75,67.19204711914062,251670150
2021-04-15,147.5,151.0,145.5,147.5,66.18247985839844,113757087
2021-04-16,149.75,160.75,147.0,158.25,71.00595092773438,132667868
2021-04-19,162.5,173.75,161.75,170.0,76.27811431884766,173465103
2021-04-20,172.5,173.25,165.0,172.5,77.39984893798828,134061144
2021-04-21,173.75,189.75,170.5,189.75,85.13983154296875,174126550
2021-04-22,197.25,207.5,179.75,182.25,81.77462005615234,306298843
2021-04-23,186.25,190.5,168.75,174.75,78.40941619873047,231994276
2021-04-26,179.5,192.0,178.0,192.0,86.14939880371094,157010182
2021-04-27,196.25,202.25,191.25,193.75,86.93460845947266,234162020
2021-04-28,197.75,201.0,189.75,192.0,86.14939880371094,146715626
2021-04-29,194.5,197.5,186.5,197.5,88.61721801757812,130028659
2021-05-03,210.0,217.25,204.0,216.5,97.14242553710938,220551741
2021-05-04,216.5,222.75,195.0,195.0,87.4954833984375,271183337
2021-05-05,192.5,206.0,186.0,199.75,89.62678527832031,193079702
2021-05-06,210.0,213.75,197.0,202.75,90.97286987304688,174877359
2021-05-07,210.0,212.5,201.25,212.5,95.34764099121094,140746054
2021-05-10,221.25,233.75,218.25,233.75,104.88240814208984,175644784
2021-05-11,229.0,250.0,222.75,239.0,107.23805236816406,331014988
2021-05-12,233.75,238.75,215.25,215.25,96.58155059814453,176281330
2021-05-13,193.75,212.5,193.75,193.75,86.93460845947266,200015594
2021-05-14,196.25,199.75,174.5,175.25,78.63375091552734,250614620
2021-05-17,162.5,175.0,157.75,157.75,70.78160095214844,205105031
2021-05-18,169.5,173.5,163.0,173.5,77.84854125976562,105562939
2021-05-19,181.0,190.75,180.25,190.75,85.58853149414062,169941668
2021-05-20,190.75,205.5,187.5,192.5,86.37374877929688,313730345
2021-05-21,202.5,211.75,200.25,211.75,95.0111312866211,236669467
2021-05-24,213.25,228.5,208.25,216.0,96.91807556152344,283680797
2021-05-25,223.75,226.25,195.0,206.0,92.4311294555664,259902610
2021-05-26,208.5,217.5,198.75,214.0,96.02068328857422,233845306
2021-05-27,217.0,224.5,214.0,219.25,98.37633514404297,230091596
2021-05-28,223.75,241.0,219.25,241.0,108.13544464111328,277293327
2021-05-31,248.75,263.75,241.5,246.5,110.603271484375,267915110
2021-06-01,253.75,270.0,245.5,270.0,121.14759063720703,216669151
2021-06-02,275.0,288.75,271.25,276.25,123.9519271850586,277290146
2021-06-03,285.0,302.5,281.25,297.5,133.4866943359375,224272185
2021-06-04,297.5,303.75,290.0,291.25,130.68235778808594,176064390
2021-06-07,297.5,301.25,262.5,276.25,123.9519271850586,267290158
2021-06-08,276.25,290.0,276.25,288.75,129.5606231689453,132049341
2021-06-09,300.0,301.25,285.0,290.0,130.12149047851562,190606127
2021-06-10,293.75,296.25,270.0,283.75,127.31714630126953,183662804
2021-06-11,288.75,310.0,285.0,310.0,139.0953826904297,222727181
2021-06-15,317.5,340.0,313.75,340.0,152.5562286376953,227010725
2021-06-16,345.0,368.75,330.0,333.75,149.75189208984375,405588453
2021-06-17,333.75,341.25,317.5,341.25,153.11709594726562,197761976
2021-06-18,333.75,356.25,332.5,350.0,157.04318237304688,59223407
2021-06-21,347.5,383.75,347.5,380.0,170.5040283203125,60108668
2021-06-22,396.25,400.0,372.5,383.75,172.18663024902344,58126097
2021-06-23,370.0,376.25,346.25,346.25,155.36056518554688,68813498
2021-06-24,341.25,380.0,340.0,380.0,170.5040283203125,53485425
2021-06-25,392.5,400.0,377.5,400.0,179.4779052734375,53838562
2021-06-28,420.0,440.0,420.0,440.0,197.4257049560547,36923025
2021-06-29,450.0,462.5,425.0,448.75,201.35179138183594,58946898
2021-06-30,453.75,492.5,453.75,492.5,220.982177734375,49854322
2021-07-01,510.0,540.0,487.5,532.5,238.9299774169922,65657654
2021-07-02,532.5,547.5,500.0,516.25,231.638671875,217246595
2021-07-05,542.5,545.0,493.75,542.5,243.4169158935547,191153488
2021-07-06,546.25,582.5,530.0,560.0,251.26907348632812,210542660
2021-07-07,538.75,551.25,505.0,505.0,226.5908660888672,31351452
2021-07-08,505.0,532.5,455.0,518.75,232.7604217529297,37133774
2021-07-09,467.5,503.75,467.5,467.5,209.7648162841797,40588118
2021-07-12,487.5,493.75,436.25,457.5,205.2778778076172,24387278
2021-07-13,467.5,467.5,412.5,412.5,185.0865936279297,31747503
2021-07-14,390.0,392.5,371.25,371.25,166.57794189453125,53835501
2021-07-15,385.0,407.5,385.0,407.5,182.84312438964844,20223119
2021-07-16,420.0,447.5,420.0,446.25,200.2300567626953,31780493
2021-07-19,465.0,472.5,458.75,465.0,208.64308166503906,18714040
2021-07-20,457.5,457.5,420.0,423.75,190.1343994140625,24074853
2021-07-21,450.0,458.75,382.5,387.5,173.8692169189453,254244228
2021-07-22,393.75,393.75,348.75,358.75,160.96925354003906,246401008
2021-07-23,368.75,392.5,350.0,385.0,172.74749755859375,212535496
2021-07-26,381.25,383.75,350.0,351.25,157.6040496826172,150019795
2021-07-27,333.75,343.75,316.25,316.25,141.8997344970703,207084269
2021-07-28,316.25,332.5,291.25,328.75,147.5084228515625,268536363
2021-07-29,340.0,361.25,328.75,361.25,162.09100341796875,231659698
2021-07-30,362.5,376.25,327.5,330.0,148.0692901611328,309622664
2021-08-02,332.5,361.25,308.75,353.75,158.7257843017578,261267825
2021-08-03,351.25,366.25,343.75,352.5,158.1649169921875,228675718
2021-08-04,352.5,362.5,351.25,358.75,160.96925354003906,120366830
2021-08-05,358.75,361.25,342.5,346.25,155.36056518554688,109835216
2021-08-06,345.0,372.5,342.5,355.0,159.28665161132812,193181727
2021-08-09,357.5,368.75,355.0,356.25,159.8475341796875,134569070
2021-08-10,367.5,371.25,345.0,348.75,156.48231506347656,164440498
2021-08-11,350.0,353.75,316.25,330.0,148.0692901611328,202518524
2021-08-12,336.25,342.5,326.25,342.5,153.677978515625,123148003
2021-08-13,343.75,348.75,326.25,326.25,146.3866729736328,85264154
2021-08-16,331.25,337.5,322.5,326.25,146.3866729736328,66177422
2021-08-17,326.25,326.25,326.25,326.25,146.3866729736328,0
2021-08-18,310.0,340.0,303.75,340.0,155.51956176757812,109188963
2021-08-19,340.0,346.25,318.75,320.0,146.37136840820312,124973126
2021-08-20,328.75,335.0,321.25,331.25,151.51722717285156,89987477
2021-08-23,345.0,363.75,342.5,360.0,164.6677703857422,131738220
2021-08-24,367.5,370.0,347.5,350.0,160.0936737060547,143512999
2021-08-25,352.5,363.75,346.25,360.0,164.6677703857422,80488590
2021-08-26,358.75,362.5,347.5,356.25,162.95248413085938,75062261
2021-08-27,351.25,361.25,347.5,352.5,161.23719787597656,52102883
2021-08-30,356.25,358.75,350.0,350.0,160.0936737060547,37890758
2021-08-31,352.5,355.0,338.75,340.0,155.51956176757812,53776077
2021-09-01,341.25,343.75,316.25,321.25,146.943115234375,111739578
2021-09-02,315.0,328.75,310.0,323.75,148.08663940429688,78234568
2021-09-03,326.25,327.5,306.25,313.75,143.51254272460938,91375667
2021-09-06,312.5,313.75,295.0,295.0,134.93609619140625,80227386
2021-09-07,305.0,322.5,303.75,320.0,146.37136840820312,121169737
2021-09-08,317.5,321.25,311.25,315.0,144.08428955078125,73858902
2021-09-09,318.75,322.5,313.75,316.25,144.65606689453125,55171837
2021-09-10,315.0,336.25,313.75,333.75,152.66073608398438,81520037
2021-09-13,336.25,342.5,330.0,330.0,150.94546508789062,79679711
2021-09-14,333.75,336.25,307.5,308.75,141.22547912597656,82022919
2021-09-15,311.25,315.0,298.75,311.25,142.3690185546875,76078276
2021-09-16,313.75,313.75,308.75,310.0,141.7972412109375,28631146
2021-09-17,312.5,322.5,310.0,320.0,146.37136840820312,46218257
2021-09-22,310.0,318.75,310.0,312.5,142.94078063964844,34751086
2021-09-23,320.0,323.75,317.5,318.75,145.79959106445312,31557678
2021-09-24,323.75,338.75,323.75,335.0,153.23251342773438,74969747
2021-09-27,341.25,346.25,327.5,328.75,150.37368774414062,80947557
2021-09-28,317.5,320.0,312.5,313.75,143.51254272460938,66913829
2021-09-29,303.75,315.0,303.75,307.5,140.6537322998047,49770821
2021-09-30,312.5,317.5,307.5,315.0,144.08428955078125,31842729
2021-10-01,306.25,307.5,283.75,283.75,129.79022216796875,124308272
2021-10-04,285.0,286.25,256.25,256.25,117.21143341064453,128959231
2021-10-05,242.75,262.5,239.5,257.5,117.783203125,132177284
2021-10-06,261.25,261.25,243.75,244.5,111.83686065673828,90137213
2021-10-07,253.75,266.25,250.0,256.25,117.21143341064453,102303380
2021-10-08,257.5,260.0,248.0,250.0,114.35262298583984,58250534
2021-10-12,241.75,246.75,225.0,226.25,103.48912048339844,101594630
2021-10-13,235.0,241.0,231.0,232.25,106.23358154296875,79016699
2021-10-14,237.75,246.25,229.25,238.25,108.9780502319336,97262139
2021-10-15,239.5,241.0,233.75,234.75,107.37711334228516,56239062
2021-10-18,229.0,231.0,213.75,231.0,105.66181945800781,109832310
2021-10-19,232.0,237.0,229.25,229.25,104.8613510131836,55016931
2021-10-20,232.0,236.25,228.25,228.5,104.51829528808594,43127483
2021-10-21,231.25,235.5,229.75,230.5,105.43311309814453,36248201
2021-10-22,232.25,233.25,222.5,223.0,102.0025405883789,54780895
2021-10-25,220.75,242.0,220.5,238.25,108.9780502319336,83641868
2021-10-26,240.25,243.0,234.25,237.75,108.74934387207031,57657568
2021-10-27,235.0,237.25,231.75,232.0,106.11923217773438,42900819
2021-10-28,232.75,241.25,232.75,233.0,106.57664489746094,48649103
2021-10-29,237.0,253.75,236.5,248.75,113.78085327148438,90324307
2021-11-01,255.0,260.0,250.0,251.25,114.92438507080078,58101563
2021-11-02,256.25,268.75,252.5,262.5,120.07025146484375,72723779
2021-11-03,266.25,286.25,266.25,280.0,128.07493591308594,122443842
2021-11-04,290.0,292.5,272.5,273.75,125.21611785888672,98522240
2021-11-05,275.0,285.0,270.0,285.0,130.3619842529297,76241166
2021-11-08,296.25,310.0,286.25,310.0,141.7972412109375,141156146
2021-11-09,305.0,316.25,300.0,305.0,139.51019287109375,97050818
2021-11-10,302.5,311.25,298.75,300.0,137.22314453125,72504570
2021-11-11,301.25,306.25,270.0,273.75,125.21611785888672,111465569
2021-11-12,281.25,287.5,271.25,278.75,127.503173828125,65173723
2021-11-15,286.25,288.75,276.25,280.0,128.07493591308594,41926462
2021-11-16,280.0,298.75,277.5,298.75,136.65138244628906,65710336
2021-11-17,300.0,301.25,290.0,292.5,133.79257202148438,61524311
2021-11-18,293.75,303.75,291.25,297.5,136.07962036132812,49820627
2021-11-19,300.0,305.0,290.0,292.5,133.79257202148438,51874054
2021-11-22,296.25,305.0,293.75,298.75,136.65138244628906,50450312
2021-11-23,300.0,305.0,297.5,298.75,136.65138244628906,42053372
2021-11-24,300.0,302.5,295.0,300.0,137.22314453125,27817273
2021-11-25,302.5,315.0,301.25,311.25,142.3690185546875,72699243
2021-11-26,311.25,315.0,295.0,296.25,135.5078582763672,83268288
2021-11-29,300.0,307.5,297.5,300.0,137.22314453125,65951269
2021-11-30,308.75,312.5,306.25,311.25,142.3690185546875,48135949
2021-12-01,312.5,315.0,307.5,311.25,142.3690185546875,38952317
2021-12-02,312.5,338.75,311.25,332.5,152.08897399902344,133912314
2021-12-03,338.75,342.5,330.0,333.75,152.66073608398438,90621489
2021-12-06,341.25,355.0,340.0,352.5,161.23719787597656,96628852
2021-12-07,355.0,366.25,350.0,360.0,164.6677703857422,108949683
2021-12-08,367.5,372.5,356.25,358.75,164.09600830078125,94156469
2021-12-09,363.75,366.25,355.0,365.0,166.95481872558594,52007908
2021-12-10,358.75,360.0,347.5,350.0,160.0936737060547,78605247
2021-12-13,353.75,357.5,350.0,350.0,160.0936737060547,37634783
2021-12-14,351.25,355.0,332.5,332.5,152.08897399902344,77807352
2021-12-15,335.0,346.25,333.75,345.0,157.80661010742188,47474398
2021-12-16,352.5,355.0,346.25,352.5,161.23719787597656,45699337
2021-12-17,351.25,360.0,350.0,351.25,160.66542053222656,43494088
2021-12-20,352.5,356.25,341.25,347.5,158.95013427734375,35922766
2021-12-21,350.0,353.75,341.25,353.75,161.8089599609375,38216909
2021-12-22,355.0,355.0,350.0,350.0,160.0936737060547,21880601
2021-12-23,353.75,355.0,347.5,347.5,158.95013427734375,20897356
2021-12-24,351.25,355.0,345.0,347.5,158.95013427734375,21848171
2021-12-27,351.25,351.25,346.25,348.75,159.52191162109375,14468049
2021-12-28,352.5,362.5,351.25,358.75,164.09600830078125,49639788
2021-12-29,362.5,366.25,358.75,360.0,164.6677703857422,31887622
2021-12-30,362.5,362.5,352.5,356.25,162.95248413085938,33780643
2022-01-03,356.25,357.5,332.5,348.75,159.52191162109375,74894548
2022-01-04,348.75,352.5,345.0,351.25,160.66542053222656,27130912
2022-01-05,351.25,360.0,347.5,352.5,161.23719787597656,30923580
2022-01-06,348.75,361.25,347.5,357.5,163.5242462158203,37300349
2022-01-07,360.0,362.5,347.5,351.25,160.66542053222656,42279051
2022-01-10,348.75,355.0,337.5,341.25,156.09132385253906,54600708
2022-01-11,340.0,343.75,333.75,335.0,153.23251342773438,39013042
2022-01-12,338.75,340.0,320.0,321.25,146.943115234375,62042207
2022-01-13,321.25,326.25,315.0,315.0,144.08428955078125,37788272
2022-01-14,316.25,330.0,310.0,330.0,150.94546508789062,55660478
2022-01-17,326.25,327.5,317.5,317.5,145.2278289794922,42559532
2022-01-18,313.75,322.5,311.25,317.5,145.2278289794922,34666815
2022-01-19,313.75,320.0,302.5,306.25,140.08197021484375,53173228
2022-01-20,306.25,312.5,302.5,310.0,141.7972412109375,28452358
2022-01-21,305.0,306.25,288.75,288.75,132.0772705078125,71028154
2022-01-24,280.0,291.25,276.25,287.5,131.50550842285156,61013830
2022-01-25,285.0,285.0,275.0,275.0,125.78787994384766,41419217
2022-01-26,277.5,286.25,277.5,282.5,129.2184600830078,30841950
2022-02-07,288.75,310.0,287.5,310.0,141.7972412109375,56831972
2022-02-08,311.25,333.75,308.75,322.5,147.51487731933594,101460510
2022-02-09,328.75,332.5,320.0,322.5,147.51487731933594,46548462
2022-02-10,328.75,332.5,321.25,330.0,150.94546508789062,44579196
2022-02-11,333.75,337.5,327.5,328.75,150.37368774414062,61346198
2022-02-14,328.75,338.75,325.0,325.0,148.65841674804688,56169684
2022-02-15,328.75,332.5,325.0,330.0,150.94546508789062,26797529
2022-02-16,337.5,338.75,332.5,333.75,152.66073608398438,34191098
2022-02-17,335.0,341.25,332.5,333.75,152.66073608398438,42334650
2022-02-18,332.5,355.0,330.0,353.75,161.8089599609375,79461471
2022-02-21,357.5,368.75,357.5,367.5,168.09835815429688,99109717
2022-02-22,363.75,367.5,338.75,356.25,162.95248413085938,118977206
2022-02-23,362.5,370.0,361.25,362.5,165.81130981445312,61905765
2022-02-24,353.75,367.5,346.25,353.75,161.8089599609375,101190263
2022-02-25,366.25,367.5,357.5,358.75,164.09600830078125,58426818
2022-03-01,365.0,377.5,361.25,376.25,172.10069274902344,89985622
2022-03-02,375.0,385.0,372.5,378.75,173.2442169189453,75775397
2022-03-03,386.25,406.25,383.75,401.25,183.53594970703125,91383741
2022-03-04,403.75,427.5,397.5,397.5,181.82066345214844,171683996
2022-03-07,401.25,405.0,377.5,377.5,172.67245483398438,134593268
2022-03-08,370.0,383.75,346.25,367.5,168.09835815429688,155439766
2022-03-09,381.25,390.0,372.5,390.0,178.3900909423828,104500609
2022-03-10,402.5,406.25,390.0,390.0,178.3900909423828,97075180
2022-03-11,387.5,400.0,387.5,400.0,182.9641876220703,77417141
2022-03-14,406.25,415.0,405.0,411.25,188.1100616455078,84776113
2022-03-15,412.5,417.5,393.75,395.0,180.67713928222656,119569207
2022-03-16,401.25,408.75,356.25,357.5,163.5242462158203,211888739
2022-03-17,365.0,370.0,346.25,366.25,167.52659606933594,124383133
2022-03-18,362.5,363.75,350.0,352.5,161.23719787597656,65771991
2022-03-21,352.5,362.5,346.25,361.25,165.23953247070312,51182108
2022-03-22,360.0,363.75,356.25,356.25,162.95248413085938,29639216
2022-03-23,358.75,362.5,353.75,358.75,164.09600830078125,27507834
2022-03-24,356.25,360.0,351.25,351.25,160.66542053222656,33766215
2022-03-25,350.0,350.0,331.25,331.25,151.51722717285156,65503518
2022-03-28,320.0,336.25,317.5,332.5,152.08897399902344,37343796
2022-03-29,335.0,343.75,335.0,337.5,154.37603759765625,24376151
2022-03-30,340.0,341.25,333.75,337.5,154.37603759765625,22628748
2022-03-31,338.75,342.5,333.75,337.5,154.37603759765625,15435413
2022-04-01,335.0,346.25,333.75,346.25,158.3783721923828,27459704
2022-04-06,337.5,338.75,332.5,333.75,152.66073608398438,30262213
2022-04-07,327.5,333.75,321.25,321.25,146.943115234375,29730202
2022-04-08,327.5,341.25,326.25,338.75,154.9477996826172,38354743
2022-04-11,341.25,346.25,338.75,340.0,155.51956176757812,35852412
2022-04-12,341.25,342.5,330.0,336.25,153.8042755126953,30719400
2022-04-13,341.25,351.25,340.0,350.0,160.0936737060547,40758497
2022-04-14,351.25,355.0,345.0,345.0,157.80661010742188,29431867
2022-04-15,342.5,355.0,342.5,353.75,161.8089599609375,30935385
2022-04-18,352.5,353.75,345.0,345.0,157.80661010742188,22670434
2022-04-19,350.0,356.25,348.75,353.75,161.8089599609375,24934894
2022-04-20,357.5,361.25,355.0,358.75,164.09600830078125,38708922
2022-04-21,362.5,368.75,362.5,363.75,166.383056640625,30204327
2022-04-22,361.25,372.5,358.75,368.75,168.6701202392578,32538712
2022-04-25,360.0,362.5,347.5,348.75,159.52191162109375,55642333
2022-04-26,352.5,356.25,347.5,347.5,158.95013427734375,19784091
2022-04-27,335.0,351.25,332.5,350.0,160.0936737060547,36207641
2022-04-28,355.0,355.0,345.0,345.0,157.80661010742188,24533039
2022-04-29,351.25,363.75,350.0,362.5,165.81130981445312,45315784
2022-05-03,365.0,366.25,360.0,366.25,167.52659606933594,28336690
2022-05-04,371.25,382.5,371.25,378.75,173.2442169189453,46099772
2022-05-05,385.0,388.75,376.25,381.25,174.3877410888672,48537524
2022-05-06,373.75,386.25,371.25,385.0,176.10304260253906,49897132
2022-05-09,381.25,385.0,367.5,367.5,168.09835815429688,57719124
2022-05-10,357.5,376.25,356.25,372.5,170.38540649414062,46069572
2022-05-11,371.25,375.0,361.25,361.25,165.23953247070312,32680232
2022-05-12,363.75,368.75,347.5,347.5,158.95013427734375,48166747
2022-05-13,356.25,360.0,355.0,358.75,164.09600830078125,25901423
2022-05-16,357.5,357.5,341.25,343.75,157.23486328125,50804357
2022-05-17,345.0,348.75,337.5,338.75,154.9477996826172,32662455
2022-05-18,343.75,346.25,342.5,343.75,157.23486328125,20390631
2022-05-19,335.0,341.25,325.0,340.0,155.51956176757812,52910297
2022-05-20,342.5,346.25,336.25,337.5,154.37603759765625,28549050
2022-05-23,345.0,367.5,343.75,360.0,164.6677703857422,74971930
2022-05-24,363.75,366.25,355.0,355.0,162.38072204589844,37327597
2022-05-25,361.25,365.0,353.75,357.5,163.5242462158203,27564892
2022-05-26,361.25,362.5,352.5,355.0,162.38072204589844,18652718
2022-05-27,361.25,363.75,356.25,361.25,165.23953247070312,23139628
2022-05-30,363.75,365.0,360.0,360.0,164.6677703857422,23696416
2022-05-31,362.5,365.0,351.25,351.25,160.66542053222656,34560801
2022-06-01,353.75,362.5,352.5,361.25,165.23953247070312,25381428
2022-06-02,358.75,362.5,356.25,361.25,165.23953247070312,14272495
2022-06-06,365.0,370.0,358.75,358.75,164.09600830078125,28757886
2022-06-07,360.0,363.75,357.5,361.25,165.23953247070312,13035128
2022-06-08,363.75,366.25,360.0,363.75,166.383056640625,18960191
2022-06-09,350.0,355.0,348.75,350.0,160.0936737060547,45914854
2022-06-10,346.25,350.0,342.5,347.5,158.95013427734375,22272366
2022-06-13,335.0,336.25,325.0,326.25,149.23016357421875,44029320
2022-06-14,322.5,330.0,321.25,328.75,150.37368774414062,42198541
2022-06-15,328.75,331.25,320.0,320.0,146.37136840820312,34874832
2022-06-16,325.0,326.25,297.5,298.75,136.65138244628906,77603788
2022-06-17,296.25,302.5,291.25,298.75,136.65138244628906,57691048
2022-06-20,300.0,300.0,271.25,273.75,125.21611785888672,84319936
2022-06-21,280.0,282.5,271.25,275.0,125.78787994384766,53628255
2022-06-22,275.0,275.0,252.5,255.0,116.6396713256836,104812690
2022-06-23,256.25,258.75,240.25,240.25,109.89286804199219,85582410
2022-06-24,247.25,256.25,244.0,246.75,112.86603546142578,56173730
2022-06-27,255.0,271.25,255.0,271.25,124.07259368896484,70700304
2022-06-28,268.75,275.0,261.25,271.25,124.07259368896484,105185243
2022-06-29,233.75,239.25,222.5,222.5,122.01612854003906,139126565
2022-06-30,221.5,221.75,211.25,211.5,115.98387145996094,66132303
2022-07-01,213.5,216.75,199.25,199.5,109.40322875976562,74497432
2022-07-04,201.25,207.25,198.0,206.25,113.10484313964844,51253530
2022-07-05,213.0,226.25,205.0,219.25,120.23387145996094,77993691
2022-07-06,216.0,224.25,214.0,214.5,117.62903594970703,57248814
2022-07-07,217.0,223.25,213.0,221.0,121.19355010986328,50181764
2022-07-08,230.75,236.75,230.25,231.75,127.08871459960938,69465264
2022-07-11,233.5,234.75,229.0,230.75,126.54032897949219,34001041
2022-07-12,222.75,224.0,210.0,215.25,118.04032897949219,57505202
2022-07-13,224.5,226.0,217.75,217.75,119.41129302978516,40093907
2022-07-14,219.0,227.25,218.75,226.5,124.20967864990234,40234027
2022-07-15,226.5,227.0,222.75,223.25,122.42742156982422,29728232
2022-07-18,224.75,228.0,222.75,223.25,122.42742156982422,19967510
2022-07-19,225.25,233.0,225.25,229.0,125.58065032958984,44361794
2022-07-20,232.5,233.0,223.25,224.25,122.9758071899414,36883745
2022-07-21,226.25,232.5,226.25,232.5,127.5,37321696
2022-07-22,234.75,239.25,231.75,235.5,129.14515686035156,36847176
2022-07-25,234.5,234.5,227.0,230.25,126.26612854003906,30048212
2022-07-26,228.75,233.0,226.25,229.25,125.71774291992188,20682157
2022-07-27,230.5,235.5,230.25,235.0,128.8709716796875,24470310
2022-07-28,236.5,237.0,229.25,230.0,126.12903594970703,27870665
2022-07-29,234.75,242.0,234.5,238.75,130.92742919921875,49026750
2022-08-01,239.75,242.0,236.25,241.5,132.43548583984375,23704860
2022-08-02,237.5,237.5,232.5,233.25,127.91129302978516,36479588
2022-08-03,236.0,236.75,231.75,233.0,127.77420043945312,22490750
2022-08-04,233.0,235.25,230.0,235.0,128.8709716796875,23928064
2022-08-05,240.5,248.25,239.75,248.0,136.0,49396269
2022-08-08,245.5,255.0,242.5,252.5,138.46774291992188,44500183
2022-08-09,252.5,265.0,250.0,262.5,143.9516143798828,51986710
2022-08-10,260.0,265.0,256.25,257.5,141.20968627929688,38486643
2022-08-11,262.5,266.25,256.25,257.5,141.20968627929688,37829041
2022-08-12,258.75,261.25,256.25,260.0,142.5806427001953,19838119
2022-08-15,256.25,257.5,248.75,248.75,136.4113006591797,47379060
2022-08-16,247.5,250.0,242.75,242.75,133.1209716796875,31626611
2022-08-17,245.0,250.0,245.0,245.75,134.76612854003906,30623702
2022-08-18,244.75,248.5,243.75,244.5,134.0806427001953,17526966
2022-08-19,246.75,247.25,244.0,245.0,134.35484313964844,14449179
2022-08-22,240.75,242.0,236.0,240.0,131.61289978027344,20899200
2022-08-23,236.5,240.25,236.25,237.75,130.3790283203125,15534730
2022-08-24,237.75,239.25,230.25,230.25,126.26612854003906,26104063
2022-08-25,232.75,236.0,231.5,233.0,127.77420043945312,15988163
2022-08-26,235.75,236.75,233.75,233.75,128.18548583984375,13116780
2022-08-29,220.0,222.75,216.25,219.75,120.50806427001953,34360094
2022-08-30,220.25,222.0,219.0,220.0,120.6451644897461,13429377
2022-08-31,218.0,222.5,213.75,220.75,121.05645751953125,30983478
2022-09-01,218.0,219.5,215.5,215.5,118.17742156982422,20719422
2022-09-02,215.0,215.0,199.25,199.25,109.26612854003906,47026495
2022-09-05,197.0,204.0,196.25,200.0,109.67742156982422,27616966
2022-09-06,203.75,205.75,200.5,202.0,110.7741928100586,10179463
2022-09-07,202.0,202.0,202.0,202.0,110.7741928100586,0
2022-09-08,202.0,202.0,202.0,202.0,110.7741928100586,0
2022-09-12,202.0,202.0,202.0,202.0,110.7741928100586,0
2022-09-13,202.0,202.0,202.0,202.0,110.7741928100586,0
2022-09-14,202.0,202.0,202.0,202.0,110.7741928100586,0
2022-09-15,202.0,202.0,202.0,202.0,110.7741928100586,0
2022-09-16,202.0,202.0,202.0,202.0,110.7741928100586,0
2022-09-19,185.5,186.0,169.0,169.0,92.67742156982422,67824165
2022-09-20,171.5,173.0,167.5,172.5,94.5967788696289,44902449
2022-09-21,172.0,173.5,166.5,166.5,91.30645751953125,60601012
2022-09-22,163.5,164.5,154.0,156.0,85.54838562011719,75967693
2022-09-23,155.5,162.0,155.5,158.0,86.6451644897461,53980374
2022-09-26,154.0,155.0,145.5,145.5,79.79032135009766,80056051
2022-09-27,149.5,155.0,147.5,153.5,84.17742156982422,58332736
2022-09-28,152.0,152.5,143.5,144.0,78.96774291992188,61723199
2022-09-29,148.0,151.5,144.0,144.0,78.96774291992188,48119170
2022-09-30,139.0,147.0,137.5,146.0,80.06452178955078,55165166
2022-10-03,146.0,154.0,145.5,149.5,81.98387145996094,68369520
2022-10-04,155.0,156.0,149.0,150.5,82.53225708007812,50247996
2022-10-05,152.0,158.5,151.5,155.5,85.2741928100586,55155503
2022-10-06,154.5,156.0,150.0,155.5,85.2741928100586,47663784
2022-10-07,153.5,157.5,152.5,155.5,85.2741928100586,28527465
2022-10-11,153.5,158.0,153.0,156.0,85.54838562011719,43962542
2022-10-12,155.5,156.0,147.0,147.0,80.61290740966797,58550119
2022-10-13,149.0,150.0,143.5,144.5,79.24193572998047,34130624
2022-10-14,149.5,154.0,146.5,152.5,83.62903594970703,51922445
2022-10-17,149.0,149.0,137.5,140.0,76.7741928100586,79179260
2022-10-18,142.0,145.0,140.5,141.0,77.32258605957031,49153430
2022-10-19,142.5,146.5,141.5,144.0,78.96774291992188,46834621
2022-10-20,139.0,140.0,132.5,137.0,75.12903594970703,62619855
2022-10-21,136.0,138.5,135.5,135.5,74.30644989013672,33493109
2022-10-24,140.5,143.5,137.0,137.5,75.40322875976562,43133460
2022-10-25,138.5,140.5,136.0,139.0,76.2258071899414,30408935
2022-10-26,138.0,139.5,133.5,139.0,76.2258071899414,47428958
2022-10-27,140.5,142.5,137.0,142.5,78.1451644897461,31515005
2022-10-28,140.0,141.5,136.0,137.5,75.40322875976562,30413622
2022-10-31,135.5,137.5,132.0,137.5,75.40322875976562,42037271
2022-11-01,138.0,138.5,134.0,135.0,74.03225708007812,28390416
2022-11-02,138.0,141.5,136.0,137.0,75.12903594970703,47039080
2022-11-03,132.0,136.0,131.5,135.0,74.03225708007812,34074404
2022-11-04,133.5,139.0,133.0,139.0,76.2258071899414,34982129
2022-11-07,144.0,145.0,141.0,143.5,78.69355010986328,52448330
2022-11-08,146.5,152.0,144.0,147.5,80.88710021972656,54107970
2022-11-09,149.0,150.0,147.0,148.5,81.43548583984375,34426079
2022-11-10,147.0,152.5,146.5,151.0,82.80644989013672,38621243
2022-11-11,158.0,159.0,149.5,150.0,82.25806427001953,60946623
2022-11-14,150.5,156.0,149.5,155.5,85.2741928100586,47117704
2022-11-15,157.5,157.5,152.0,155.0,85.0,31346168
2022-11-16,155.0,157.0,153.5,154.5,84.7258071899414,29778699
2022-11-17,155.0,157.0,153.5,154.0,84.45161437988281,20296993
2022-11-18,154.5,155.0,150.0,150.5,82.53225708007812,21126662
2022-11-21,150.0,150.0,147.0,147.5,80.88710021972656,21562418
2022-11-22,147.0,151.0,146.5,150.5,82.53225708007812,16170485
2022-11-23,152.0,154.5,151.5,153.5,84.17742156982422,21824918
2022-11-24,155.0,162.0,152.5,161.0,88.29032135009766,40224075
2022-11-25,161.0,165.0,159.5,160.5,88.01612854003906,39798100
2022-11-28,159.5,162.5,157.0,157.5,86.3709716796875,30359503
2022-11-29,157.5,162.0,155.5,161.0,88.29032135009766,20697426
2022-11-30,160.0,163.5,159.0,163.0,89.38710021972656,21110692
2022-12-01,165.5,167.0,161.5,162.0,88.83871459960938,25706280
2022-12-02,160.5,162.5,158.5,158.5,86.91935729980469,19367632
2022-12-05,158.0,161.5,158.0,159.0,87.19355010986328,20934223
2022-12-06,158.0,160.0,152.5,152.5,83.62903594970703,30171797
2022-12-07,151.0,154.5,149.5,151.5,83.08065032958984,22814493
2022-12-08,150.5,152.0,148.5,151.0,82.80644989013672,14132124
2022-12-09,151.5,155.0,151.0,154.5,84.7258071899414,16608098
2022-12-12,153.0,156.0,152.0,154.5,84.7258071899414,11976863
2022-12-13,156.5,158.0,153.5,155.0,85.0,22067912
2022-12-14,155.0,155.5,151.0,152.0,83.35484313964844,22547689
2022-12-15,152.5,157.0,152.5,157.0,86.0967788696289,21657961
2022-12-16,154.5,170.0,154.0,164.0,89.93548583984375,81350779
2022-12-19,164.5,167.5,160.0,162.0,88.83871459960938,43931274
2022-12-20,162.0,166.0,158.0,158.5,86.91935729980469,38151949
2022-12-21,161.0,165.5,160.0,164.0,89.93548583984375,38085074
2022-12-22,167.0,172.0,165.5,171.5,94.04838562011719,60855886
2022-12-23,169.0,170.5,165.5,167.5,91.85484313964844,36715409
2022-12-26,168.5,168.5,162.5,162.5,89.11290740966797,23661784
2022-12-27,164.0,167.0,162.0,162.5,89.11290740966797,19106328
2022-12-28,162.0,164.0,159.0,159.0,87.19355010986328,20189077
2022-12-29,159.0,161.0,157.5,160.0,87.74193572998047,17346004
2022-12-30,161.5,164.5,161.5,163.0,89.38710021972656,21686678
2023-01-03,163.0,164.0,160.0,160.0,87.74193572998047,23603780
2023-01-04,161.0,161.5,156.0,156.0,85.54838562011719,25203463
2023-01-05,158.0,160.5,156.5,156.5,85.82258605957031,20371487
2023-01-06,158.0,159.5,156.0,159.0,87.19355010986328,12082461
2023-01-09,158.0,158.5,154.5,155.0,85.0,33000304
2023-01-10,155.5,157.5,155.0,155.5,85.2741928100586,12539289
2023-01-11,157.0,160.0,156.5,156.5,85.82258605957031,19372242
2023-01-12,157.5,158.0,152.5,152.5,83.62903594970703,21891580
2023-01-13,154.0,154.5,152.5,152.5,83.62903594970703,13580480
2023-01-16,153.0,153.5,149.5,151.5,83.08065032958984,17000205
2023-01-17,153.5,155.5,152.0,152.5,83.62903594970703,17135992
2023-01-30,153.0,153.5,150.0,150.5,82.53225708007812,20560721
2023-01-31,152.0,153.5,151.0,152.0,83.35484313964844,13682310
2023-02-01,152.5,153.5,151.0,152.0,83.35484313964844,14204870
2023-02-02,154.0,156.0,154.0,156.0,85.54838562011719,26405172
2023-02-03,158.5,160.0,156.0,157.0,86.0967788696289,33929688
2023-02-06,156.0,156.5,150.5,151.0,82.80644989013672,27857547
2023-02-07,152.0,152.0,150.5,151.0,82.80644989013672,10225713
2023-02-08,152.0,152.0,151.0,151.5,83.08065032958984,8760868
2023-02-09,151.5,152.0,150.0,150.0,82.25806427001953,11986342
2023-02-10,151.0,151.5,146.5,147.0,80.61290740966797,25130873
2023-02-13,146.0,146.5,142.5,143.5,78.69355010986328,20851631
2023-02-14,145.5,149.0,145.0,149.0,81.70967864990234,24410678
2023-02-15,149.0,149.0,146.0,146.5,80.33871459960938,16260716
2023-02-16,147.0,148.0,145.5,148.0,81.16129302978516,9969020
2023-02-17,146.5,147.0,145.5,146.0,80.06452178955078,10223590
2023-02-20,146.0,147.5,145.0,147.0,80.61290740966797,8806970
2023-02-21,148.5,155.0,147.0,155.0,85.0,42223916
2023-02-22,154.0,156.0,152.0,152.5,83.62903594970703,35219109
2023-02-23,153.5,158.5,153.5,158.0,86.6451644897461,34299954
2023-02-24,158.5,159.5,155.5,157.0,86.0967788696289,32154792
2023-03-01,157.5,158.0,154.0,156.0,85.54838562011719,21240175
2023-03-02,158.0,161.0,157.5,160.5,88.01612854003906,33776976
2023-03-03,161.0,163.0,158.5,163.0,89.38710021972656,36959064
2023-03-06,164.5,165.0,161.5,164.5,90.20967864990234,29508197
2023-03-07,163.5,166.0,162.0,166.0,91.03225708007812,24520372
2023-03-08,164.0,164.5,161.0,161.0,88.29032135009766,24727610
2023-03-09,161.5,165.0,161.0,164.5,90.20967864990234,26309649
2023-03-10,160.0,171.5,158.5,165.0,90.48387145996094,88291710
2023-03-13,165.0,170.5,164.5,170.5,93.5,48003545
2023-03-14,167.0,171.0,164.5,171.0,93.7741928100586,62807494
2023-03-15,176.5,179.5,166.5,167.0,91.58065032958984,147746174
2023-03-16,167.0,167.5,158.5,159.5,87.46774291992188,79852301
2023-03-17,161.0,162.0,160.0,162.0,88.83871459960938,30665332
2023-03-20,163.5,166.0,161.5,162.0,88.83871459960938,31761114
2023-03-21,163.0,163.5,160.5,160.5,88.01612854003906,18432225
2023-03-22,161.5,162.5,160.0,161.5,88.56452178955078,21000308
2023-03-23,159.5,160.5,157.5,159.5,87.46774291992188,26422287
2023-03-24,160.0,161.0,159.0,160.5,88.01612854003906,15077398
2023-03-27,158.0,161.5,157.5,161.0,88.29032135009766,24955849
2023-03-28,161.0,162.5,160.0,160.5,88.01612854003906,13559739
2023-03-29,161.0,161.5,158.5,158.5,86.91935729980469,10533533
2023-03-30,160.0,160.5,158.0,158.0,86.6451644897461,11379164
2023-03-31,160.0,160.5,158.5,158.5,86.91935729980469,9825495
2023-04-06,160.0,161.0,158.0,158.0,86.6451644897461,14378321
2023-04-07,159.0,163.5,158.5,163.5,89.66129302978516,25627495
2023-04-10,165.5,166.5,162.0,163.5,89.66129302978516,23952687
2023-04-11,164.5,166.0,164.0,164.5,90.20967864990234,10896642
2023-04-12,166.0,167.5,164.5,166.5,91.30645751953125,29171340
2023-04-13,166.5,167.5,164.5,166.5,91.30645751953125,15049245
2023-04-14,167.0,170.5,166.0,170.0,93.2258071899414,41999928
2023-04-17,173.0,174.5,171.0,174.5,95.69355010986328,39503361
2023-04-18,175.5,175.5,169.0,170.0,93.2258071899414,34783467
2023-04-19,170.5,171.0,167.5,168.0,92.12903594970703,19470553
2023-04-20,168.5,171.0,168.0,170.5,93.5,19524767
2023-04-21,170.0,170.5,165.0,166.0,91.03225708007812,20317849
2023-04-24,165.0,166.0,164.0,165.0,90.48387145996094,11609147
2023-04-25,165.0,166.5,161.5,162.0,88.83871459960938,17674970
2023-04-26,161.0,162.0,159.5,160.0,87.74193572998047,17907390
2023-04-27,159.0,160.5,158.5,159.0,87.19355010986328,15757608
2023-04-28,161.5,164.0,161.0,161.5,88.56452178955078,16279021
2023-05-02,160.0,160.5,154.0,155.5,85.2741928100586,45541310
2023-05-03,154.0,154.5,149.5,150.0,82.25806427001953,49056854
2023-05-04,150.0,152.5,149.5,150.5,82.53225708007812,20051763
2023-05-05,151.0,152.0,150.5,151.5,83.08065032958984,10333122
2023-05-08,151.5,152.0,149.5,151.0,82.80644989013672,11849003
2023-05-09,151.0,152.0,150.5,151.0,82.80644989013672,8605467
2023-05-10,151.5,155.5,151.5,155.0,85.0,22341115
2023-05-11,153.5,154.5,151.0,151.0,82.80644989013672,15771459
2023-05-12,151.0,153.0,150.5,152.5,83.62903594970703,7563891
2023-05-15,150.0,153.5,148.0,152.5,83.62903594970703,21625990
2023-05-16,152.5,153.0,150.5,151.0,82.80644989013672,17342203
2023-05-17,152.0,152.5,150.5,151.0,82.80644989013672,17121102
2023-05-18,151.5,152.5,151.0,151.0,82.80644989013672,11669514
2023-05-19,151.0,152.0,150.0,150.5,82.53225708007812,15244624
2023-05-22,151.5,154.5,150.5,153.5,84.17742156982422,21596375
2023-05-23,153.5,153.5,151.0,151.5,83.08065032958984,15769005
2023-05-24,151.5,152.5,151.5,151.5,83.08065032958984,8661782
2023-05-25,151.5,151.5,150.0,150.0,82.25806427001953,18905719
2023-05-26,150.5,154.0,149.5,152.5,83.62903594970703,23590333
2023-05-29,153.5,157.5,153.0,157.0,86.0967788696289,28507123
2023-05-30,157.0,157.0,153.5,153.5,84.17742156982422,20245189
2023-05-31,155.0,157.0,153.0,153.0,83.90322875976562,24900767
2023-06-01,154.5,154.5,152.0,153.5,84.17742156982422,17398650
2023-06-02,154.5,154.5,152.0,152.5,83.62903594970703,19947376
2023-06-05,152.5,153.0,150.0,151.0,82.80644989013672,26154661
2023-06-06,151.0,152.5,150.5,151.5,83.08065032958984,23209860
2023-06-07,151.5,152.5,151.0,151.0,82.80644989013672,16597224
2023-06-08,151.5,155.5,151.5,154.0,84.45161437988281,36400825
2023-06-09,154.5,155.5,153.0,155.0,85.0,16501183
2023-06-12,154.0,156.0,153.0,155.5,85.2741928100586,20778520
2023-06-13,156.0,158.0,154.5,157.0,86.0967788696289,26214563
2023-06-14,157.5,162.5,157.0,161.5,88.56452178955078,42797566
2023-06-15,163.0,164.0,160.5,162.0,88.83871459960938,28255927
2023-06-16,163.0,166.5,162.0,166.0,91.03225708007812,54913005
2023-06-19,166.0,166.0,162.0,162.0,88.83871459960938,37572793
2023-06-20,163.0,164.5,162.0,162.5,89.11290740966797,34859911
2023-06-21,162.5,162.5,158.0,158.0,86.6451644897461,49054154
2023-06-26,159.0,160.5,158.0,160.0,87.74193572998047,48173905
2023-06-27,160.5,162.5,160.5,161.0,88.29032135009766,40054088
2023-06-28,161.5,162.0,156.0,157.5,86.3709716796875,48746421
2023-06-29,158.0,158.5,153.0,155.0,85.0,115108898
2023-06-30,91.9000015258789,93.5,89.5,93.5,93.5,145846948
2023-07-03,98.80000305175781,102.5,98.5,102.5,102.5,74346097
2023-07-04,108.0,112.0,104.0,105.5,105.5,197611521
2023-07-05,106.0,107.5,102.5,107.0,107.0,76578066
2023-07-06,106.5,108.0,105.0,106.5,106.5,40849647
2023-07-07,107.0,108.5,106.0,108.0,108.0,41868879
2023-07-10,107.5,107.5,104.0,104.5,104.5,31151174
2023-07-11,105.0,106.0,102.5,104.0,104.0,29063648
2023-07-12,103.0,103.0,100.0,100.5,100.5,40813560
2023-07-13,100.0,100.5,95.5,95.9000015258789,95.9000015258789,62030178
2023-07-14,97.5,99.4000015258789,96.19999694824219,96.5,96.5,37176765
2023-07-17,98.4000015258789,99.5,97.30000305175781,98.4000015258789,98.4000015258789,26574752
2023-07-18,99.19999694824219,101.5,97.9000015258789,98.5999984741211,98.5999984741211,36531448
2023-07-19,99.9000015258789,101.0,97.30000305175781,98.0999984741211,98.0999984741211,40264586
2023-07-20,98.0999984741211,101.0,98.0999984741211,101.0,101.0,29802583
2023-07-21,100.5,103.0,99.9000015258789,101.0,101.0,30926427
2023-07-24,100.5,100.5,98.80000305175781,99.30000305175781,99.30000305175781,25547918
2023-07-25,100.0,100.5,99.19999694824219,99.69999694824219,99.69999694824219,14952392
2023-07-26,100.5,103.5,100.0,102.0,102.0,34940747
2023-07-27,103.0,104.0,102.0,103.0,103.0,20526961
2023-07-28,104.0,108.0,104.0,107.5,107.5,48346927
2023-07-31,110.0,110.0,103.0,104.0,104.0,42770928
2023-08-01,104.5,106.0,103.5,105.5,105.5,16990092
2023-08-02,105.5,105.5,103.5,105.0,105.0,18194205
2023-08-04,106.0,109.0,105.5,109.0,109.0,33783096
2023-08-07,107.0,107.0,104.0,106.5,106.5,32974594
2023-08-08,106.5,108.0,106.0,107.5,107.5,19805973
2023-08-09,107.5,109.0,106.0,106.5,106.5,15935907
2023-08-10,106.5,108.0,105.0,107.0,107.0,14133207
2023-08-11,107.0,108.0,105.0,108.0,108.0,15754199
2023-08-14,108.0,108.5,105.5,106.5,106.5,21683213
2023-08-15,106.5,107.5,105.5,106.0,106.0,10783812
2023-08-16,105.0,106.0,103.0,104.0,104.0,24197253
2023-08-17,103.5,106.5,102.5,106.0,106.0,23057628
2023-08-18,106.0,110.5,105.5,107.0,107.0,53741253
2023-08-21,107.5,107.5,105.0,105.0,105.0,18006817
2023-08-22,106.5,107.0,105.5,106.5,106.5,9908730
2023-08-23,107.0,108.0,106.0,106.5,106.5,8650435
2023-08-24,106.0,107.0,105.5,106.0,106.0,9296111
2023-08-25,105.5,107.0,105.5,105.5,105.5,9313653
2023-08-28,106.0,106.0,104.0,105.0,105.0,10139854
2023-08-29,105.5,106.0,104.5,105.5,105.5,6191772
2023-08-30,106.0,106.5,105.5,105.5,105.5,6091256
2023-08-31,106.0,106.5,105.5,106.5,106.5,7826914
2023-09-01,106.0,106.5,105.0,105.5,105.5,8951882
2023-09-04,106.0,107.5,105.5,107.5,107.5,13673752
2023-09-05,107.5,108.5,107.0,108.5,108.5,11694669
2023-09-06,109.0,109.0,107.0,107.0,107.0,8892966
2023-09-07,107.5,107.5,106.0,107.0,107.0,6230568
2023-09-08,107.0,108.0,106.0,107.0,107.0,8060191
2023-09-11,106.5,107.0,105.0,106.5,106.5,11844819
2023-09-12,106.5,106.5,105.5,106.5,106.5,6443912
2023-09-13,106.5,107.0,106.0,106.5,106.5,7208394
2023-09-14,107.0,109.5,106.5,109.5,109.5,25924684
2023-09-15,109.5,120.0,109.5,118.5,118.5,86935826
2023-09-18,117.0,120.5,115.5,117.0,117.0,42843945
2023-09-19,117.5,117.5,114.0,116.0,116.0,25884571
2023-09-20,116.0,120.0,116.0,117.5,117.5,30032826
2023-09-21,117.0,118.0,114.5,115.5,115.5,17969472
2023-09-22,114.5,116.0,114.0,114.5,114.5,14852407
2023-09-25,114.5,116.5,114.0,116.0,116.0,9249993
2023-09-26,115.5,117.0,114.5,115.5,115.5,10900595
2023-09-27,115.0,117.0,114.5,116.0,116.0,12854748
2023-09-28,116.0,116.5,115.5,116.0,116.0,8337086
2023-10-02,116.0,116.5,112.0,113.5,113.5,22189530
2023-10-03,113.0,114.0,110.0,110.5,110.5,16134710
2023-10-04,110.0,111.0,108.5,110.0,110.0,12526979
2023-10-05,111.5,113.5,111.5,112.0,112.0,12130304
2023-10-06,113.5,113.5,110.5,111.0,111.0,12748517
2023-10-11,109.0,109.5,103.0,103.5,103.5,36400463
2023-10-12,102.5,106.0,102.5,106.0,106.0,12547915
2023-10-13,105.0,105.5,104.0,105.0,105.0,7924523
2023-10-16,104.0,104.0,102.5,104.0,104.0,8934816
2023-10-17,104.0,104.5,103.0,103.0,103.0,5708023
2023-10-18,103.5,105.0,102.5,102.5,102.5,16989483
2023-10-19,102.5,105.0,102.5,103.5,103.5,7505091
2023-10-20,103.0,103.5,102.0,103.5,103.5,13268541
2023-10-23,103.5,104.5,103.0,103.5,103.5,6958906
2023-10-24,103.5,105.5,103.0,105.0,105.0,7273349
2023-10-25,105.5,106.0,105.0,105.5,105.5,5279534
2023-10-26,105.0,106.5,104.0,106.5,106.5,11548977
2023-10-27,106.5,108.0,106.0,108.0,108.0,10940885
2023-10-30,109.0,110.0,107.5,110.0,110.0,13508344
2023-10-31,110.0,110.0,107.0,107.5,107.5,15219329
2023-11-01,108.0,109.5,108.0,109.0,109.0,8172693
2023-11-02,109.5,110.5,109.0,110.5,110.5,8140568
2023-11-03,111.0,113.0,111.0,113.0,113.0,11578121
2023-11-06,109.5,110.5,107.5,109.0,109.0,18205636
2023-11-07,108.5,110.0,108.5,108.5,108.5,6218068
2023-11-08,109.0,109.5,107.0,107.5,107.5,10256655
2023-11-09,108.0,110.0,107.5,109.0,109.0,8125043
2023-11-10,109.5,110.0,108.0,109.0,109.0,10114766
2023-11-13,109.0,110.5,108.0,108.5,108.5,11999551
2023-11-14,112.5,117.5,112.5,114.0,114.0,52257713
2023-11-15,115.0,115.5,113.0,115.5,115.5,25225109
2023-11-16,116.0,117.5,115.0,117.0,117.0,25057764
2023-11-17,117.0,117.0,115.0,115.0,115.0,12074843
2023-11-20,115.0,115.0,112.5,114.0,114.0,12967599
2023-11-21,113.5,114.0,113.0,113.5,113.5,10249494
2023-11-22,113.0,114.0,111.5,112.0,112.0,11198615
2023-11-23,112.5,113.5,111.5,112.0,112.0,8390398
2023-11-24,113.0,113.0,111.5,113.0,113.0,6080018
2023-11-27,113.5,114.0,113.0,113.5,113.5,8371666
2023-11-28,113.5,115.0,113.0,114.0,114.0,11771528
2023-11-29,114.0,114.0,112.0,112.0,112.0,12549384
2023-11-30,113.0,113.5,111.5,112.0,112.0,11281643
2023-12-01,112.5,115.0,112.5,114.5,114.5,14983874
2023-12-04,115.5,119.0,114.5,118.5,118.5,42094729
2023-12-05,119.0,120.0,116.0,117.5,117.5,25706241
2023-12-06,118.0,118.0,115.5,117.0,117.0,12622561
2023-12-07,116.5,116.5,115.0,115.5,115.5,10421878
2023-12-08,116.5,118.5,116.0,118.5,118.5,13615084
2023-12-11,120.0,122.0,119.0,122.0,122.0,31568822
2023-12-12,122.0,130.5,121.5,129.0,129.0,64169145
2023-12-13,129.5,129.5,126.5,129.5,129.5,34241988
2023-12-14,130.0,131.0,127.5,129.0,129.0,24392354
2023-12-15,130.5,134.5,130.0,134.0,134.0,46618054
2023-12-18,138.5,144.5,136.0,141.5,141.5,99453667
2023-12-19,143.5,147.0,142.0,147.0,147.0,82304365
2023-12-20,147.5,148.0,144.5,148.0,148.0,58886721
2023-12-21,148.5,153.0,146.5,152.0,152.0,82930423
2023-12-22,152.5,153.5,149.5,153.0,153.0,60587580
2023-12-25,146.0,147.5,140.5,142.0,142.0,88809584
2023-12-26,142.5,147.5,142.0,146.5,146.5,39276996
2023-12-27,149.0,151.5,147.0,147.0,147.0,32800217
2023-12-28,148.0,148.0,142.0,143.0,143.0,28617739
2023-12-29,143.0,144.5,141.5,143.5,143.5,16608138
2024-01-02,151.0,155.0,148.0,151.0,151.0,60522711
2024-01-03,154.5,156.0,151.5,155.0,155.0,55024834
2024-01-04,158.0,165.0,156.5,161.0,161.0,93312709
2024-01-05,163.0,164.0,160.0,162.5,162.5,50614189
2024-01-08,163.0,163.0,157.5,160.5,160.5,40391557
2024-01-09,154.0,155.0,149.5,151.5,151.5,66416055
2024-01-10,150.5,151.0,146.0,148.0,148.0,46141553
2024-01-11,148.5,151.5,148.0,149.0,149.0,23006038
2024-01-12,153.5,157.0,152.5,156.5,156.5,44724789
2024-01-15,157.5,161.0,156.0,158.5,158.5,33366844
2024-01-16,159.0,160.0,153.0,153.5,153.5,34833498
2024-01-17,154.0,156.5,149.5,152.5,152.5,37969530
2024-01-18,154.0,158.0,152.0,158.0,158.0,32617905
2024-01-19,158.0,158.5,153.5,155.0,155.0,24022486
2024-01-22,151.0,152.5,148.5,152.5,152.5,29774833
2024-01-23,153.0,155.5,152.0,152.5,152.5,13968769
2024-01-24,153.5,157.0,152.5,153.5,153.5,16791435
2024-01-25,153.0,153.5,151.0,151.5,151.5,16425065
2024-01-26,152.0,154.0,150.0,151.0,151.0,16893748
2024-01-29,150.5,152.0,150.0,151.5,151.5,12156792
2024-01-30,152.0,153.0,150.5,151.5,151.5,10254985
2024-01-31,152.0,153.5,150.0,150.5,150.5,11166019
2024-02-01,151.5,157.0,151.5,157.0,157.0,35775462
2024-02-02,154.0,154.0,150.0,150.0,150.0,35496727
2024-02-05,151.0,152.5,150.0,152.0,152.0,12454852
2024-02-15,147.0,149.0,146.0,149.0,149.0,31499830
2024-02-16,151.0,153.0,148.0,148.0,148.0,17670751
2024-02-19,149.0,149.5,147.0,149.0,149.0,11251402
2024-02-20,151.0,155.0,150.0,153.5,153.5,26851793
2024-02-21,154.5,158.0,154.0,155.0,155.0,30007253
2024-02-22,156.0,163.0,154.0,162.5,162.5,52667772
2024-02-23,163.5,164.5,158.5,159.5,159.5,27461056
2024-02-26,160.0,160.5,158.0,160.0,160.0,11275763
2024-02-27,160.0,162.5,159.0,159.5,159.5,14880458
2024-02-29,162.0,166.5,161.5,165.5,165.5,35950540
2024-03-01,165.5,168.5,162.5,165.0,165.0,25583198
2024-03-04,164.5,173.0,161.5,172.0,172.0,44032960
2024-03-05,171.5,177.5,171.0,173.5,173.5,38934012
2024-03-06,173.0,175.0,170.5,171.5,171.5,21299837
2024-03-07,172.0,178.0,172.0,177.5,177.5,38632150
2024-03-08,180.0,187.5,175.5,179.5,179.5,73214089
2024-03-11,182.0,184.0,178.0,180.0,180.0,32969126
2024-03-12,181.0,188.0,178.0,187.5,187.5,38029982
2024-03-13,189.5,194.5,189.0,191.0,191.0,52579380
2024-03-14,192.0,193.0,179.5,183.5,183.5,60195396
2024-03-15,170.0,172.5,165.5,166.5,166.5,106245661
2024-03-18,167.0,167.0,161.0,164.5,164.5,48640232
2024-03-19,166.5,177.0,165.5,177.0,177.0,72299218
2024-03-20,179.0,186.0,174.5,176.0,176.0,91460898
2024-03-21,181.0,181.5,174.0,175.0,175.0,51343376
2024-03-22,176.5,177.0,168.0,170.0,170.0,53633386
2024-03-25,172.0,176.0,169.5,173.5,173.5,32471565
2024-03-26,173.0,175.5,168.0,171.5,171.5,37617400
2024-03-27,174.5,177.0,172.0,175.5,175.5,36105007
2024-03-28,178.0,179.5,170.5,176.0,176.0,68902378
2024-03-29,176.5,177.0,172.0,175.0,175.0,44141000
2024-04-01,172.0,172.0,167.5,167.5,167.5,41253228
2024-04-02,167.5,168.5,162.0,165.5,165.5,43423697
2024-04-03,164.0,167.5,164.0,165.0,165.0,21448547
2024-04-08,166.0,169.0,165.0,168.0,168.0,20962580
2024-04-09,169.0,172.5,168.0,171.0,171.0,24502710
2024-04-10,172.0,173.0,169.0,169.0,169.0,17274940
2024-04-11,169.0,176.0,168.5,175.0,175.0,39094475
2024-04-12,175.0,177.5,174.0,176.5,176.5,23135953
2024-04-15,176.5,180.0,171.0,178.0,178.0,35584176
2024-04-16,176.5,177.5,170.0,170.5,170.5,36308808
2024-04-17,172.0,174.0,169.0,170.5,170.5,21402834
2024-04-18,170.5,172.0,168.0,168.0,168.0,19371861
2024-04-19,170.0,179.0,169.5,172.5,172.5,52314399
2024-04-22,175.0,183.0,174.0,174.0,174.0,64650361
2024-04-23,175.0,177.0,172.0,173.5,173.5,26174315
2024-04-24,176.0,180.5,173.5,180.0,180.0,37106976
2024-04-25,179.5,182.0,177.5,181.0,181.0,17044317
2024-04-26,182.0,190.0,180.5,187.0,187.0,61636786
2024-04-29,193.0,193.5,188.0,191.5,191.5,53626335
2024-04-30,191.0,191.5,185.5,189.5,189.5,33400262
